Gene	gene_name	Chr	Start	End	No.SNPs	SNP_start	SNP_end	TopSNP	TopSNP_Pvalue	No.Eigenvalues	Chisq_mBAT	P_mBATcombo	P_mBAT	Chisq_fastBAT	P_fastBAT
ENSG00000188338	SLC38A3	3	50242679	50258918	195	rs2526390	rs4688739	rs12631337	1.06674e-6	34	88.313	1.91139e-6	1.02308e-6	291.425	1.45094e-5
ENSG00000175294	CATSPER1	11	65784223	65793950	324	rs76640991	rs144101665	rs577013	1.11336e-6	29	56.3561	1.11572e-6	0.00171498	424.077	5.58041e-7
ENSG00000175229	GAL3ST3	11	65808236	65816632	286	rs149516544	rs537497	rs1151530	8.50609e-7	33	63.994	3.8069e-7	9.67129e-4	441.449	1.90383e-7
ENSG00000087365	SF3B2	11	65818200	65836779	297	rs144765366	rs524281	rs527737	6.46245e-7	33	58.6695	4.15705e-7	0.00387714	450.103	2.07864e-7
ENSG00000175115	PACS1	11	65837743	66012215	551	rs147398525	rs34837704	rs482414	5.94889e-7	38	75.4143	2.23411e-6	2.87205e-4	588.969	1.12141e-6
ENSG00000149294	NCAM1	11	112831969	113149158	1401	rs4937833	rs10502172	rs11214476	1.77666e-9	98	183.887	5.2488e-10	3.43092e-7	1361.26	2.62641e-10
ENSG00000215252	GOLGA8B	15	34817296	34880704	276	rs12591758	rs56927262	rs28613474	5.1708e-8	17	37.5244	2.54226e-6	0.00285551	340.418	1.2717e-6
