CHR,BP_START,BP_END,CS_ID,CS_LENGTH,CS_PURITY,MAX_PIP_SNP,BP,REF_ALLELE_EUR,REF_ALLELE_AFR,REF_ALLELE_SAS,REF_FRQ_EUR,REF_FRQ_AFR,REF_FRQ_SAS,BETA_EUR,BETA_AFR,BETA_SAS,SE_EUR,SE_AFR,SE_SAS,-LOG10P_EUR,-LOG10P_AFR,-LOG10P_SAS,MAX_PIP,POST-HOC_PROB_POP_EUR,POST-HOC_PROB_POP_AFR,POST-HOC_PROB_POP_SAS
17,44752612,44952612,1,1,1,rs62074125,44852612,C,C,C,0.7474,0.96737,0.5371,0.0128311,0.00370775,-0.00870755,0.00234024,0.0199335,0.0185984,7.37815,0.0693359,0.194057,0.999602,0.999967,0.279135,0.296817
3,16751665,16962555,1,1,1,rs35992988,16851665,T,NA,NA,0.8804,NA,NA,0.0193145,NA,NA,0.00313364,NA,NA,9.14808,NA,NA,0.997465,0.998745,0.499821,0.499801
7,41140716,41340716,1,2,0.809697,rs117268386,41240716,A,A,A,0.95567,0.993966,0.990388,0.0283741,0.0569454,0.0286675,0.00494028,0.0457299,0.0950469,8.03251,0.671542,0.117506,0.941076,0.998033,0.466582,0.317532
