CHR,BP_START,BP_END,CS_ID,CS_LENGTH,CS_PURITY,MAX_PIP_SNP,BP,REF_ALLELE_AFR,REF_ALLELE_SAS,REF_ALLELE_EUR,ALT_ALLELE_AFR,ALT_ALLELE_SAS,ALT_ALLELE_EUR,REF_FRQ_AFR,REF_FRQ_SAS,REF_FRQ_EUR,BETA_AFR,BETA_SAS,BETA_EUR,SE_AFR,SE_SAS,SE_EUR,-LOG10P_AFR,-LOG10P_SAS,-LOG10P_EUR,MAX_PIP,POST-HOC_PROB_POP_AFR,POST-HOC_PROB_POP_SAS,POST-HOC_PROB_POP_EUR
7,41140716,41340716,1,2,0.809697,rs117268386,41240716,G,G,G,A,A,A,0.993966,0.990388,0.95567,0.0569454,0.0286675,0.0283741,0.0457299,0.0950469,0.00494028,0.671542,0.117506,8.03251,0.941076,0.466582,0.317532,0.998033
3,16751665,16962555,1,1,1,rs35992988,16851665,C,NA,NA,T,NA,NA,0.8804,NA,NA,0.0193145,NA,NA,0.00313364,NA,NA,9.14808,NA,NA,0.997465,0.998745,0.499801,0.499821
17,44752612,44952612,1,1,1,rs62074125,44852612,A,A,A,C,C,C,0.5371,0.96737,0.7474,-0.00870755,0.00370775,0.0128311,0.0185984,0.0199335,0.00234024,0.194057,0.0693359,7.37815,0.999602,0.296817,0.279135,0.999967
